concept_id,subject,subject_concept
85,수학(초·중),수의 체계
86,수학(초·중),수의 연산
87,수학(초·중),평면도형
88,수학(초·중),입체도형
89,수학(초·중),양의 측정
90,수학(초·중),어림하기
91,수학(초·중),규칙성과 대응
92,수학(초·중),자료 처리
93,수학(초·중),가능성
94,수학(초·중),수의 체계
95,수학(초·중),수의 연산
96,수학(초·중),다항식
97,수학(초·중),방정식과 부등식
98,수학(초·중),함수와 그래프
99,수학(초·중),평면도형
100,수학(초·중),입체도형
101,수학(초·중),확률
102,수학(초·중),통계
