mission_id,program_id,mission_category,mission_name
3,1,실습/연습,발표회 준비 업무분장에 따른 브이로그 제작
4,1,실습/연습,바리스타 체험을 통한 1개 커피 만들기
7,2,실습/연습,개인별 콘텐츠 1건 완료
8,2,실습/연습,수행과제 완료
35,7,실습/연습,심폐소생술 이론 이해하기
51,10,실습/연습,역사 속 인물과 시대상을 매칭하고 스토리텔링
59,13,실습/연습,"데칼코마니, 콜라주, 스크래치, 모자이크 등으로 표현"
127,26,실습/연습,손에 익을 수 있게 POP 연습하기
202,36,실습/연습,자신이 좋아하는 문구를 정해 캘리 그라피 해보기
203,36,실습/연습,배운 캘리그라피를 활용해서 작품 만들기
204,36,실습/연습,자신만의 그림을 그린 부채 만들기
205,36,실습/연습,스칸다아모스를 활용해 작품 만들기
206,36,실습/연습,프리져버드로 액자 꾸미기
207,36,실습/연습,프로스 펜의 특성을 이해하고 수채화 그리기
216,38,실습/연습,송편만들기
217,38,실습/연습,윷놀이 하기
218,38,실습/연습,친구와 협동하여 컵 쌓기 활동하기
220,38,실습/연습,퀴즈문제를 풀어 미션을 통과하기
221,38,실습/연습,독서를 1권 이상 한 후 게임에 참여하기
232,41,실습/연습,1교시 준비
233,41,실습/연습,1교시 도입
237,42,실습/연습,활동지 작성과 선별제출활동 하기
238,42,실습/연습,감정카드 펼쳐놓고 관찰하기
239,42,실습/연습,단어를 듣고 감정카드를 고르고 자신의 감정 표현하기
246,44,실습/연습,꾸미담 소개 영상 시청하기
247,44,실습/연습,"나의 흥미, 나의 강점 활동지 작성하기"
251,46,실습/연습,뮤지컬 겨울왕국 배역정하기 준비
252,46,실습/연습,뮤지컬 겨울왕국 배역정하기 도입
253,46,실습/연습,뮤지컬 겨울왕국 배역정하기 전개
254,46,실습/연습,뮤지컬 겨울왕국 배역정하기 정리
255,46,실습/연습,배역에 따른 노래 연습하기 준비
259,48,실습/연습,목재 조립을 통해 나만의 상자 완성
270,50,실습/연습,체험활동1
271,50,실습/연습,체험활동2
272,50,실습/연습,동화책 읽어보기
297,54,실습/연습,위원회 회의 내용 보고하기
299,54,실습/연습,TF팀 회의 내용 보고하기
339,61,실습/연습,영상 시청하기
340,61,실습/연습,단풍 씨앗 만들기
341,61,실습/연습,야외 체험 준비하기
344,61,실습/연습,나무 목걸이 만들기
345,62,실습/연습,1교시
346,62,실습/연습,2교시 도입
347,62,실습/연습,2교시 전개
348,62,실습/연습,2교시 정리
349,62,실습/연습,3교시 도입
350,62,실습/연습,3교시 전개
351,62,실습/연습,3교시 정리
370,66,실습/연습,데이터 분석 체험하기
385,69,실습/연습,1교시 도입
386,69,실습/연습,1교시 전개
387,69,실습/연습,1교시 정리
388,69,실습/연습,2교시 도입
389,69,실습/연습,2교시 전개
390,69,실습/연습,2교시 정리
404,71,실습/연습,1교시 준비
405,71,실습/연습,1교시 도입
406,71,실습/연습,1교시 전개
411,73,실습/연습,라포형성과 물고기 그리기
415,74,실습/연습,데이터 분석 체험하기(워드클라우드)
423,76,실습/연습,"청소년 회의록,일지 작성"
441,78,실습/연습,"청소년 회의록,일지 작성"
466,85,실습/연습,드론준비상태 확인 및 시행운전
467,85,실습/연습,비행지점까지 비행하기
468,85,실습/연습,드론장애물 통과하기
469,85,실습/연습,3개 드론장애물통과와 반시계방항 운전하기
470,85,실습/연습,여분미션4
474,86,실습/연습,목표에 도전하고 완료 하였을시 성공
476,86,실습/연습,주차별 달성 스케쥴 관리
537,95,실습/연습,시나리오 및 리스트 작성
538,95,실습/연습,회의록 정리
569,99,실습/연습,분리배출 실습하기
571,99,실습/연습,샴푸바 재료 혼합 실습하기
572,99,실습/연습,샴푸바 모양만들기 및 포장하기
598,102,실습/연습,일정안내
599,102,실습/연습,시나리오작성
600,102,실습/연습,카메라 촬영법 습득
601,102,실습/연습,영상제작
602,102,실습/연습,영상편집법 습득
603,102,실습/연습,영상 감상
606,104,실습/연습,1교시 도입
607,104,실습/연습,1교시 전개
611,105,실습/연습,활동지 작성과 선별제출활동 하기
612,105,실습/연습,감정카드 펼쳐놓고 관찰하기
613,105,실습/연습,단어를 듣고 감정카드를 고르고 자신의 감정 표현하기
622,108,실습/연습,1교시 준비
623,108,실습/연습,1교시 도입
624,108,실습/연습,1교시 전개
655,117,실습/연습,1교시 전개
658,117,실습/연습,2교시 전개
661,118,실습/연습,동영상 시청하기
662,118,실습/연습,가져온 재활용품 분리배출 안내서 만들기
666,118,실습/연습,샴푸바 만들기 재료 준비 및 반죽하기
727,129,실습/연습,실험 실습하기
728,129,실습/연습,비디오 시청하기
775,138,실습/연습,외계행성 이해를 통한 우주신호 종이 액자 완성하기
778,138,실습/연습,도자이해를 통한 흙으로 그릇 완성하기
797,145,실습/연습,1교시 도입
798,145,실습/연습,1교시 전개
799,145,실습/연습,1교시 정리
800,145,실습/연습,2교시 도입
801,146,실습/연습,청소년기획단 활동 목적을 이해하고 공감의 표현 1회 이상 하기
803,146,실습/연습,업무분장에 따라 기획활동 준비 완료하기
820,149,실습/연습,출석 체크 및 당일 교과과정 이수 완료
821,149,실습/연습,체험 결과물 완성
822,149,실습/연습,방학기간 내 4권 이상 독서
829,152,실습/연습,"인물, 제품, 점포의 클로즈업 촬영 등"
846,156,실습/연습,수업 준비
847,156,실습/연습,자기소개
848,156,실습/연습,인성
849,156,실습/연습,소통과 배려
850,156,실습/연습,몸으로 말해요
852,157,실습/연습,부상을 방지하기 위해 기초 체력을 키운다.
853,157,실습/연습,기본 움직임 및 동작 마스터하기
863,160,실습/연습,"스트레칭, 유산소운동 수행하기"
870,161,실습/연습,아이들 맞이하기
871,161,실습/연습,활동규칙 소개하기
872,161,실습/연습,활동 진행1
873,161,실습/연습,활동 진행2
895,167,실습/연습,주중체험 과목 선택
896,167,실습/연습,당일 강사가 내주는 과제 수행 완료하기
900,168,실습/연습,자격증 과목 선택
902,168,실습/연습,드립커피 추출
903,168,실습/연습,기계식 커피 추출
904,168,실습/연습,시음 및 소감 발표하기
924,172,실습/연습,영상 시청하기
925,172,실습/연습,책 읽고 독후감 작성하기
929,172,실습/연습,스토리보드 작성하기
948,175,실습/연습,나만의 캐릭터 만들기
949,175,실습/연습,움직이는 캐릭터 만들기
950,175,실습/연습,코스페이시스 화면 완성하기
951,175,실습/연습,방탈출 게임 스토리 구상하기
952,175,실습/연습,방탈출 게임 완성하기
953,175,실습/연습,점프맵 게임 만들기
954,175,실습/연습,스크래치로 게임 만들기
955,175,실습/연습,좌표를 이용하여 스프라이트 움직이기
956,175,실습/연습,에델바이스 합주곡 만들기
957,175,실습/연습,그림판 만들기
958,175,실습/연습,나만의 음악 만들기
959,175,실습/연습,나만의 게임 만들기
963,177,실습/연습,수업 준비하기
965,177,실습/연습,활동지 작성하기
966,177,실습/연습,코딩 실습하기
967,177,실습/연습,할로코드 연결하기
970,177,실습/연습,전도성 물질을 살펴보고 클레이를 터치센서에 연결해 소리를 내어보기
971,177,실습/연습,인공지능 코딩교육 할로코드를 활용하여 다양한 악기를 만들어보기
974,177,실습/연습,LED 센서 코딩
975,177,실습/연습,거리 센서 코딩
976,1,실습/연습,여분미션1
977,1,실습/연습,여분미션2
981,2,실습/연습,촬영대상 정하여 화면에 담아 촬영하기
998,8,실습/연습,빅데이터 활용 체험하기
1087,38,실습/연습,재료 준비하기
1089,38,실습/연습,겨울공원 미니어쳐 작품 만들기
1094,40,실습/연습,트리 밑그림 그리기
1095,40,실습/연습,이끼 붙이기
1096,41,실습/연습,1교시 전개
1097,41,실습/연습,1교시 정리
1098,41,실습/연습,2교시 준비
1100,42,실습/연습,질문없이 그림그리기
1101,42,실습/연습,질문하면서 그림그리기
1105,44,실습/연습,나의 꿈에 대해 쓰기
1106,44,실습/연습,나의 꿈 발표와 활동지 완성
1107,44,실습/연습,모냐 꾸미기
1108,45,실습/연습,여분미션1
1109,45,실습/연습,여분미션2
1110,45,실습/연습,여분미션3
1111,46,실습/연습,배역에 따른 노래 연습하기 도입
1112,46,실습/연습,배역에 따른 노래 연습하기 전개
1113,46,실습/연습,배역에 따른 노래 연습하기 정리
1123,50,실습/연습,카드 만들기
1124,50,실습/연습,책읽기(The rabbit and the turtle)
1156,61,실습/연습,손수건 만들기
1171,66,실습/연습,인공지능 학습 체험하기
1180,69,실습/연습,3교시 도입
1181,69,실습/연습,3교시 전개
1182,69,실습/연습,3교시 정리
1186,71,실습/연습,1교시 정리
1187,71,실습/연습,2교시 준비
1188,71,실습/연습,2교시 도입
1193,73,실습/연습,권리 선택하기
1195,74,실습/연습,데이터 분석 체험하기(시뮬레이터1)
1197,74,실습/연습,인공지능 학습 체험하기(지도학습)
1201,76,실습/연습,크리스마스에 대한 문화 차이 설명
1202,76,실습/연습,팽이 꾸미기
1203,76,실습/연습,팽이 더 오래 돌리기 시합
1227,84,실습/연습,코딩 게임 참여하기
1228,85,실습/연습,여분미션1
1229,85,실습/연습,여분미션2
1230,85,실습/연습,여분미션3
1231,86,실습/연습,여분미션1
1232,86,실습/연습,여분미션2
1233,86,실습/연습,여분미션3
1234,87,실습/연습,벚나무가 무엇인지 이해하고 수집하기
1235,87,실습/연습,은행잎과 벚나무 차이 이해하고 여우 만들기
1258,95,실습/연습,영상편지 촬영 전 준비
1259,95,실습/연습,영상편지 대본 외우기
1260,95,실습/연습,영상편지 촬영
1274,100,실습/연습,설문조사 내용 검수
1279,102,실습/연습,영상촬영 전 사전교육
1280,102,실습/연습,부조정실 기능 살피기
1281,102,실습/연습,스튜디오 기능 살피기
1285,104,실습/연습,1교시 정리
1286,104,실습/연습,2교시 도입
1287,104,실습/연습,2교시 전개
1288,105,실습/연습,질문없이 그림그리기
1289,105,실습/연습,질문하면서 그림그리기
1297,108,실습/연습,1교시 정리
1298,108,실습/연습,2교시 준비
1299,108,실습/연습,2교시 도입
1321,116,실습/연습,준비
1322,116,실습/연습,도입
1323,116,실습/연습,전개
1326,117,실습/연습,도장으로 작품만들기
1327,118,실습/연습,샴푸바 모양 만들기
1328,118,실습/연습,샴푸바 포장 및 정리
1362,129,실습/연습,실험 결과 및 마무리하기
1387,138,실습/연습,여분미션1
1388,138,실습/연습,여분미션2
1408,145,실습/연습,2교시 전개
1409,145,실습/연습,2교시 정리
1410,145,실습/연습,3교시 도입
1420,149,실습/연습,여분미션1
1421,149,실습/연습,여분미션2
1422,149,실습/연습,여분미션3
1441,156,실습/연습,마무리
1443,156,실습/연습,자기 소개2
1444,157,실습/연습,여분미션1
1445,157,실습/연습,여분미션2
1452,159,실습/연습,특수분장 실전 영상 시청
1453,160,실습/연습,"준비, 스트레칭, 유산소운동 수행하기"
1454,160,실습/연습,전 시간에 배운 기술 연습하기
1455,160,실습/연습,실전에서 사용할 수 있도록 기술을 완성하기1
1456,161,실습/연습,활동 진행3
1457,161,실습/연습,활동 진행4
1458,161,실습/연습,1부 활동 인수인계
1479,168,실습/연습,드립커피 실습하기
1498,175,실습/연습,여분미션1
1499,175,실습/연습,여분미션2
1500,175,실습/연습,여분미션3
1504,177,실습/연습,스피커 코딩
1505,177,실습/연습,Fan 모터 드라이버 코딩
1506,177,실습/연습,서보 모터팩 코딩
1509,178,실습/연습,콤부차 만들기
1511,178,실습/연습,질문 및 공지 전달
1519,180,실습/연습,임시 1
1520,180,실습/연습,임시 2
1521,180,실습/연습,수업준비하기
1522,180,실습/연습,지구사랑 실천과 동영상 시청
1527,181,실습/연습,임시 1
1528,181,실습/연습,임시 2
1529,181,실습/연습,임시 3
1530,181,실습/연습,임시 4
1575,186,실습/연습,나의 직업가치관 정하기
1578,187,실습/연습,학교 생태탐방하여 워크북 목록에 체크하기
1580,187,실습/연습,성찰일지 쓰기
1581,187,실습/연습,학교 생태 탐방하여 생태목록 만들기
1582,187,실습/연습,생태목록 보고 세밀화 그리기
1583,187,실습/연습,세밀화에 첨부할 이야기 쓰기
1584,187,실습/연습,블로그 만들기
1585,187,실습/연습,QR코드 만들기
1586,187,실습/연습,코스페이시스 활용 생태전시관 만들기
1587,187,실습/연습,생태목록 및 작품 블로그에 올리기
1595,188,실습/연습,활동지 작성 완료
1598,188,실습/연습,존중의 약속 완성
1603,189,실습/연습,임시미션 9
1604,189,실습/연습,임시미션 8
1605,189,실습/연습,임시미션 7
1606,189,실습/연습,임시미션 6
1607,189,실습/연습,임시미션 5
1608,189,실습/연습,임시미션 4
1612,175,실습/연습,임시미션 16
1658,181,실습/연습,임시 5
1659,181,실습/연습,임시 6
1665,190,실습/연습,드론안전규칙 숙지 및 수업자료(드론) 준비
1666,190,실습/연습,드론 장애물 통과하기
1667,190,실습/연습,드론 카메라 장착하기
1668,190,실습/연습,카메라 장착 드론 비행하기
1672,7,실습/연습,심폐소생술 실습하기
1673,191,실습/연습,로봇에 대해 알아보기
1674,191,실습/연습,엠봇에 대해 알아보기
1676,191,실습/연습,엠봇 여행지도 만들기
1677,191,실습/연습,엠봇 구현하기
1678,191,실습/연습,마무리하기
1679,191,실습/연습,여분미션
1682,192,실습/연습,메이키 메이키 활용(작동)방법 실습하기
1684,192,실습/연습,악기/게임 코딩 실습하기
1685,192,실습/연습,마무리하기
1687,193,실습/연습,5만원의 행복 활동지 작성하기
1691,193,실습/연습,사회적 기업의 가치 활동지 만들기
1694,193,실습/연습,기업만들기 활동하기
1707,168,실습/연습,기계커피 실습하기
1743,200,실습/연습,1교시 준비
1744,200,실습/연습,1교시 도입
1745,200,실습/연습,1교시 전개
1746,200,실습/연습,1교시 정리
1747,200,실습/연습,2교시 준비
1748,200,실습/연습,2교시 도입
1749,200,실습/연습,2교시 전개
1750,200,실습/연습,2교시 정리
1751,200,실습/연습,3교시 준비
1752,200,실습/연습,3교시 도입
1753,200,실습/연습,3교시 전개
1754,200,실습/연습,3교시 정리
1755,201,실습/연습,1교시 준비
1756,201,실습/연습,1교시 도입
1757,201,실습/연습,1교시 전개
1758,201,실습/연습,1교시 정리
1759,201,실습/연습,2교시 준비
1760,201,실습/연습,2교시 도입
1761,201,실습/연습,2교시 전개
1762,201,실습/연습,2교시 정리
1763,201,실습/연습,3교시 준비
1764,201,실습/연습,3교시 도입
1765,201,실습/연습,3교시 전개
1766,201,실습/연습,3교시 정리
1799,205,실습/연습,1교시 준비
1800,205,실습/연습,1교시 도입
1801,205,실습/연습,1교시 전개
1802,205,실습/연습,1교시 정리
1803,205,실습/연습,2교시 준비
1804,205,실습/연습,2교시 도입
1805,205,실습/연습,2교시 전개
1806,205,실습/연습,2교시 정리
1815,208,실습/연습,1교시 준비
1816,208,실습/연습,1교시 도입
1817,208,실습/연습,1교시 전개
1818,208,실습/연습,1교시 정리
1819,208,실습/연습,2교시 준비
1820,208,실습/연습,2교시 도입
1821,208,실습/연습,2교시 전개
1822,208,실습/연습,2교시 정리
1831,210,실습/연습,1교시 준비
1832,210,실습/연습,1교시 도입
1833,210,실습/연습,1교시 전개
1834,210,실습/연습,1교시 정리
1835,210,실습/연습,2교시 준비
1836,210,실습/연습,2교시 도입
1837,210,실습/연습,2교시 전개
1838,210,실습/연습,2교시 정리
1839,211,실습/연습,1교시 준비
1840,211,실습/연습,1교시 도입
1841,211,실습/연습,1교시 전개
1842,211,실습/연습,1교시 정리
1843,211,실습/연습,2교시 준비
1844,211,실습/연습,2교시 도입
1845,211,실습/연습,2교시 전개
1846,211,실습/연습,2교시 정리
1847,212,실습/연습,1교시 준비
1848,212,실습/연습,1교시 도입
1849,212,실습/연습,1교시 전개
1850,212,실습/연습,1교시 정리
1851,212,실습/연습,2교시 준비
1852,212,실습/연습,2교시 도입
1853,212,실습/연습,2교시 전개
1854,212,실습/연습,2교시 정리
1879,216,실습/연습,1교시 준비
1880,216,실습/연습,1교시 도입
1881,216,실습/연습,1교시 전개
1882,216,실습/연습,1교시 정리
1883,216,실습/연습,2교시 준비
1884,216,실습/연습,2교시 도입
1885,216,실습/연습,2교시 전개
1886,216,실습/연습,2교시 정리
1895,218,실습/연습,1교시 준비
1896,218,실습/연습,1교시 도입
1897,218,실습/연습,1교시 전개
1898,218,실습/연습,1교시 정리
1899,218,실습/연습,2교시 준비
1900,219,실습/연습,1교시 준비
1901,219,실습/연습,1교시 도입
1902,219,실습/연습,1교시 전개
1903,219,실습/연습,1교시 정리
1904,219,실습/연습,2교시 준비
1905,220,실습/연습,1교시 준비
1906,220,실습/연습,1교시 도입
1907,220,실습/연습,1교시 전개
1908,220,실습/연습,1교시 정리
1909,220,실습/연습,2교시 준비
1914,221,실습/연습,임시미션5
1920,223,실습/연습,1교시 준비
1921,223,실습/연습,1교시 도입
1922,223,실습/연습,1교시 전개
1923,223,실습/연습,1교시 정리
1924,223,실습/연습,2교시 준비
1925,224,실습/연습,임시미션1
1934,225,실습/연습,다른 학교 발표 시청하기
1935,225,실습/연습,우리학교 홍보영상 시청하기
1936,225,실습/연습,초청강사 강연 듣기
1939,226,실습/연습,3. 활동지 작성하고 마무리
1942,228,실습/연습,1교시 전개
1946,228,실습/연습,2교시 전개
1950,228,실습/연습,3교시 전개
1952,84,실습/연습,코딩 단계 완료하기
1965,231,실습/연습,1교시 준비
1966,231,실습/연습,1교시 도입
1967,231,실습/연습,1교시 전개
1968,231,실습/연습,1교시 정리
1969,231,실습/연습,2교시 준비
1970,231,실습/연습,2교시 도입
1971,231,실습/연습,2교시 전개
1972,231,실습/연습,2교시 정리
1977,227,실습/연습,1교시 준비
1978,227,실습/연습,1교시 도입
1979,227,실습/연습,1교시 전개
1980,227,실습/연습,1교시 정리
1981,227,실습/연습,2교시 준비
1982,227,실습/연습,2교시 도입
1983,227,실습/연습,2교시 전개
1984,227,실습/연습,2교시 정리
1985,227,실습/연습,3교시 준비
1986,227,실습/연습,3교시 도입
1987,227,실습/연습,3교시 전개
1988,227,실습/연습,3교시 정리
1990,226,실습/연습,5. 세밀화 완성하기 및 발표하기
1991,226,실습/연습,6. 활동지 작성하기
1995,84,실습/연습,색조합 키트 제작
1997,84,실습/연습,레이저 반사 키트 실습
1998,84,실습/연습,마무리
1999,232,실습/연습,1교시 준비
2000,232,실습/연습,1교시 도입
2001,232,실습/연습,1교시 전개
2002,232,실습/연습,1교시 정리
2003,232,실습/연습,2교시 준비
2004,232,실습/연습,2교시 도입
2005,232,실습/연습,2교시 전개
2006,232,실습/연습,2교시 정리
2007,233,실습/연습,1교시 준비
2008,233,실습/연습,1교시 도입
2009,233,실습/연습,1교시 전개
2010,233,실습/연습,1교시 정리
2011,233,실습/연습,2교시 준비
2012,233,실습/연습,2교시 도입
2013,233,실습/연습,2교시 전개
2014,233,실습/연습,2교시 정리
2016,220,실습/연습,2교시 도입
2017,220,실습/연습,2교시 전개
2018,220,실습/연습,2교시 정리
2019,220,실습/연습,3교시 준비
2020,220,실습/연습,3교시 도입
2021,220,실습/연습,3교시 전개
2022,220,실습/연습,3교시 정리
2023,219,실습/연습,2교시 도입
2024,219,실습/연습,2교시 전개
2025,219,실습/연습,2교시 정리
2026,219,실습/연습,3교시 준비
2027,219,실습/연습,3교시 도입
2028,219,실습/연습,3교시 전개
2029,219,실습/연습,3교시 정리
2038,223,실습/연습,2교시 도입
2039,223,실습/연습,2교시 전개
2040,223,실습/연습,2교시 정리
2041,223,실습/연습,3교시 준비
2042,223,실습/연습,3교시 도입
2043,223,실습/연습,3교시 전개
2044,223,실습/연습,3교시 정리
2045,223,실습/연습,융드립과 모카포터 추출시연
2046,223,실습/연습,카푸치노 실전연습
2050,42,실습/연습,상황에 맞는 비폭력대화 연습하기
2051,42,실습/연습,미션 수행 게임 참여하기
2052,42,실습/연습,기분이 좋아지는 말 시 활동학(워크북 작성 및 발표하기)
2053,42,실습/연습,이야기 만들기
2062,105,실습/연습,상황에 맞는 비폭력대화 연습하기
2063,105,실습/연습,미션 수행 게임 참여하기
2064,105,실습/연습,기분이 좋아지는 말 시 활동학(워크북 작성 및 발표하기)
2065,105,실습/연습,이야기 만들기
2067,105,실습/연습,마인드맵 작성하기
2069,105,실습/연습,이모티콘 그리기
2073,226,실습/연습,갤러리 탐험해보기
2076,175,실습/연습,나만의 스프라이트 만들기
2077,175,실습/연습,코딩 입력하기
2078,175,실습/연습,스프라이트 저장하기
2096,236,실습/연습,Needs와 Wants 게임1
2097,236,실습/연습,Needs와 Wants 게임2
2098,236,실습/연습,Needs와 Wants 게임3
2099,236,실습/연습,Needs와 Wants 게임4
2100,236,실습/연습,세계인권선언과의 비교활동
2101,236,실습/연습,나만의 인권선언 그리기
2103,236,실습/연습,우리에게 노동은? 활동하기
2106,226,실습/연습,전시장에 내 작품 전시하기
2107,226,실습/연습,역할분담하여 전시장 꾸미기
2108,108,실습/연습,2교시 전개
2109,108,실습/연습,2교시 정리
2110,226,실습/연습,QR코드 이름표 달아주기
2111,226,실습/연습,발표 준비하기
2112,226,실습/연습,발표하기와 활동 마무리하기
2113,240,실습/연습,탁구 기본자세 포핸드로 제자리에서 공 받아치기
2114,240,실습/연습,포핸드로 옆으로 한 바 움직이며 공 받아치기
2115,240,실습/연습,백핸드로 가슴 앞으로 오는 공 밀어치기
2116,240,실습/연습,포핸드와 백핸드로 공 받아치기
2117,240,실습/연습,스매싱하기
2122,241,실습/연습,신기한 교실 탐구 여행 활동지 작성하기
2126,238,실습/연습,1교시 준비
2127,238,실습/연습,1교시 도입
2128,238,실습/연습,1교시 전개
2129,238,실습/연습,1교시 정리
2130,238,실습/연습,2교시 준비
2131,238,실습/연습,2교시 도입
2132,238,실습/연습,2교시 전개
2133,238,실습/연습,2교시 정리
2138,179,실습/연습,1교시 준비
2139,179,실습/연습,1교시 도입
2140,179,실습/연습,1교시 전개
2141,179,실습/연습,1교시 정리
2149,240,실습/연습,서브하기
2151,240,실습/연습,서로 상호협력하여 연습하기
2154,242,실습/연습,1교시 준비
2155,242,실습/연습,1교시 도입
2156,242,실습/연습,1교시 전개
2157,242,실습/연습,1교시 정리
2158,242,실습/연습,2교시 준비
2159,242,실습/연습,2교시 도입
2160,242,실습/연습,2교시 전개
2161,242,실습/연습,2교시 정리
2165,241,실습/연습,아두이노 활동해보기
2167,240,실습/연습,라켓쥐소 스윙하기
2168,240,실습/연습,다리와 허리 돌리며 스윙하기
2169,240,실습/연습,옆으로 스탭하며 두번 스윙치기
2170,240,실습/연습,백스윙 자세 이해하기
2171,240,실습/연습,백스윙 실습
2172,240,실습/연습,백스윙으로 공치고 스탭이동하여 스윙치기
2173,240,실습/연습,컷 이해하기
2174,240,실습/연습,컷 자세 익히기
2175,240,실습/연습,컷 자세로 공치며 발 움직이기
2176,240,실습/연습,컷 이용하여 공격하기
2177,240,실습/연습,스윙에서 컷까지 연결하여 쳐보기
2181,77,실습/연습,스팀의 이해(실습)
2182,77,실습/연습,우유스팀 만들기(실습)
2189,241,실습/연습,모둠별로 상상도면 그리기
2190,241,실습/연습,모둠별로 모형 제작하기
2191,95,실습/연습,영상편지 편집
2192,175,실습/연습,코스페이시스 만들기(도입)
2193,175,실습/연습,코스페이시스 만들기(전개)
2195,243,실습/연습,1교시 준비
2196,243,실습/연습,1교시 도입
2197,243,실습/연습,1교시 전개
2198,243,실습/연습,1교시 정리
2222,245,실습/연습,정글의 법칙 동영상 시청하기
2224,245,실습/연습,숨어있는 노동 찾기 활동1
2225,245,실습/연습,숨어있는 노동 찾기 활동2
2226,245,실습/연습,숨어있는 노동 찾기 활동3
2227,245,실습/연습,청소년 노동인권 게임1
2228,245,실습/연습,청소년 노동인권 게임2
2229,245,실습/연습,청소년 노동인권 게임3
2231,241,실습/연습,모둠별로 모형 제작하기(준비)
2232,241,실습/연습,모둠별로 모형 제작하기(도입)
2233,241,실습/연습,모둠별로 모형 제작하기(전개)
2234,241,실습/연습,모둠별로 모형 제작하기(정리)
2235,69,실습/연습,4교시 정리
2236,240,실습/연습,탁구 활동 준비하기
2237,240,실습/연습,탁구 기본자세 배우기
2238,240,실습/연습,스매싱 기본기술 배우기
2239,240,실습/연습,라켓으로 공 치는 연습하기
2240,240,실습/연습,백핸드 기술 배우기
2246,69,실습/연습,4교시 도입
2247,69,실습/연습,4교시 전개
2253,73,실습/연습,차별나무 그리기
2254,73,실습/연습,차별표현 중 2개 선택하기
2260,73,실습/연습,차별에 대한 나의 생각 정의하기
2262,73,실습/연습,마인드맵 작성하기
2264,73,실습/연습,온라인 세상 들여다 보기
2266,73,실습/연습,온라인과 보호받을 권리 활동하기
2268,73,실습/연습,나를 지켜주는 아이템 만들기
2275,237,실습/연습,1교시 준비
2276,237,실습/연습,1교시 도입
2277,237,실습/연습,1교시 전개
2278,237,실습/연습,1교시 정리
2279,237,실습/연습,2교시 준비
2287,84,실습/연습,뉴턴의 프리즘 키트 만들기
2288,84,실습/연습,뉴턴의 프리즘 키트 실행하기
2289,84,실습/연습,색 조합 키트 제작
2290,84,실습/연습,나만의 색 조합하기
2291,84,실습/연습,레이져 쇼 키트 조립 준비
2292,84,실습/연습,레이저 쇼 키트 실습
2293,84,실습/연습,마무리하기
2303,239,실습/연습,1교시 준비
2304,239,실습/연습,1교시 도입
2305,239,실습/연습,1교시 전개
2306,239,실습/연습,1교시 정리
2307,239,실습/연습,2교시 준비
2308,239,실습/연습,2교시 도입
2309,239,실습/연습,2교시 전개
2310,239,실습/연습,2교시 정리
2312,246,실습/연습,실습하기
2313,246,실습/연습,선물포장하기
2314,246,실습/연습,동영상시청하기
2316,246,실습/연습,우드파일의 이해와 방법익히기
2317,246,실습/연습,손톱모양에 따른 버퍼의 이해와 방법익히기
2318,246,실습/연습,탑코트와 매니큐어 체험하기
2319,246,실습/연습,건조기 사용 후 악세사리 체험하기
2320,247,실습/연습,직업 이해 및 실습1
2321,247,실습/연습,직업 이해 및 실습2
2322,247,실습/연습,직업 이해 및 실습3
2323,247,실습/연습,직업 이해 및 실습4
2324,52,실습/연습,준비하기
2326,52,실습/연습,원두 추출 실습 및 관찰하기
2328,52,실습/연습,우유 스팀 실습 및 관찰하기
2329,52,실습/연습,주문 받기 체험하기
2330,52,실습/연습,라떼 아트 설명하기
2331,52,실습/연습,라떼 아트 실습 및 관찰하기
2334,119,실습/연습,도자기 컵 바닥 만들기
2335,119,실습/연습,도자기 컵 벽 만들기
2336,119,실습/연습,도자기 컵 만들기 활동 마무리
2337,119,실습/연습,선물 포장하기
2341,78,실습/연습,컵케잌 만들기 활동 준비하기
2342,78,실습/연습,1교시 활동하기
2343,78,실습/연습,2교시 활동하기
2344,78,실습/연습,3교시 활동하기
2345,78,실습/연습,4교시 활동하기
2346,78,실습/연습,활동 마무리하기
2347,61,실습/연습,1
2348,61,실습/연습,2
2349,61,실습/연습,3
2350,61,실습/연습,4
2351,61,실습/연습,5
2352,61,실습/연습,6
2353,161,실습/연습,1부 활동 마무리하기
2354,175,실습/연습,로그인하기
2356,175,실습/연습,악기 선택하기
2357,175,실습/연습,메세지 입력해보기
2358,248,실습/연습,1교시 도입
2359,248,실습/연습,1교시 전개
2360,248,실습/연습,1교시 정리
2361,248,실습/연습,2교시 도입
2362,248,실습/연습,2교시 전개
2363,248,실습/연습,2교시 정리
2364,248,실습/연습,3교시 도입
2365,248,실습/연습,3교시 전개
2366,249,실습/연습,진로 성숙도 자가 진단하기
2368,249,실습/연습,드림Q 게임을 통한 강점 찾기
2369,249,실습/연습,진로직업 가치관 경매 게임하기
2376,249,실습/연습,비전 선언문 및 버킷리스트 작성하기
2377,249,실습/연습,성공 스피치 코칭
2378,249,실습/연습,진로목표 및 활동계획 작성하기
2379,249,실습/연습,드림 로드맵 콘테스트
2381,249,실습/연습,검사결과에 따른 진로 및 직업 정보 제공 받기
2382,249,실습/연습,진로 선택을 위한 졸업생 만나기
2383,249,실습/연습,롤모델과의 만남을 통해 취업 준비과정 및 노하우 습득하기
2384,249,실습/연습,직업인 초청 강연 듣기1
2385,249,실습/연습,직업인 초청 강연 듣기2
2386,249,실습/연습,진로캠프 활동 영상 시청하기
2390,251,실습/연습,선풍기 만들기
2392,251,실습/연습,회전 그네 만들기
2394,251,실습/연습,움직이는 목표물
2395,251,실습/연습,게임을 통한 협응력 발휘
2398,250,실습/연습,자동차 만들기
2401,250,실습/연습,만들기 응용하기
2402,250,실습/연습,짤수기 만들기
2403,250,실습/연습,여러가지 모양으로 변형 시키기
2404,250,실습/연습,청소차 만들기
2405,250,실습/연습,여러 기능을 첨가하기
2406,41,실습/연습,2교시 도입
2407,41,실습/연습,2교시 전개
2408,41,실습/연습,2교시 정리
2409,41,실습/연습,3교시 준비
2410,41,실습/연습,3교시 도입
2411,41,실습/연습,3교시 전개
2412,41,실습/연습,3교시 정리
2413,252,실습/연습,성냥팔이 소녀 읽기
2415,252,실습/연습,자신의 소원을 글로 표현하기
2425,259,실습/연습,음정익히기
2426,259,실습/연습,연음되는 가사 발음처리하기
2428,259,실습/연습,고음처리 방법 익히기
2429,259,실습/연습,무대매너 익히기
2430,259,실습/연습,가사에 어울리는 발성(소리)내기
2432,257,실습/연습,사전 활동하기
2434,257,실습/연습,게임 활동 진행
2437,258,실습/연습,창업 과제 수행하기1
2446,261,실습/연습,체스 전략 사용하기
2448,262,실습/연습,듣고 따라하기
2479,269,실습/연습,준비
2480,269,실습/연습,도입
2481,269,실습/연습,전개
2482,269,실습/연습,정리
2483,270,실습/연습,수업 준비
2485,270,실습/연습,보드게임 해보기
2486,270,실습/연습,마무리하기
2487,271,실습/연습,준비하기
2488,271,실습/연습,썬캐쳐 구상하기
2489,271,실습/연습,썬캐쳐 제작하기
2492,272,실습/연습,게임 시작하기
2493,272,실습/연습,게임 진행하기
2498,273,실습/연습,게임 활동 진행하기
2500,274,실습/연습,도입
2502,274,실습/연습,활동지 작성 완료
2504,275,실습/연습,도입
2512,277,실습/연습,액자속에 감나무(도입)
2513,277,실습/연습,액자속의 감나무(전개)
2514,277,실습/연습,액자속의 감나무(마무리)
2515,278,실습/연습,준비
2516,278,실습/연습,도입
2517,278,실습/연습,전개
2518,278,실습/연습,정리
2519,277,실습/연습,움직이는 자동차(도입)
2520,277,실습/연습,움직이는 자동차(전개)
2521,277,실습/연습,움직이는 자동차(마무리)
2522,277,실습/연습,내가 만드는 이젤(도입)
2523,277,실습/연습,내가 만드는 이젤(전개)
2524,277,실습/연습,내가 만드는 이젤(마무리)
2525,277,실습/연습,나무가 있는 벽걸이(도입)
2526,277,실습/연습,나무가 있는 벽걸이(전개)
2527,277,실습/연습,나무가 있는 벽걸이(마무리)
2529,255,실습/연습,바퀴 모터 조립하기
2530,255,실습/연습,로봇 바퀴 조립하기
2531,255,실습/연습,배터리 케이스 조립하기
2532,255,실습/연습,모터드라이버 연결하기
2533,255,실습/연습,배선 연결하기
2537,279,실습/연습,사업계획서 작성하기
2543,281,실습/연습,도입
2544,281,실습/연습,전개
2545,281,실습/연습,마무리
2546,277,실습/연습,흔들그네(도입)
2547,277,실습/연습,흔들그네(전개)
2548,277,실습/연습,흔들그네(마무리)
2549,277,실습/연습,크리스마스장식(도입)
2550,277,실습/연습,크리스마스장식(전개)
2551,277,실습/연습,크리스마스장식(마무리)
2552,282,실습/연습,준비
2553,282,실습/연습,도입
2554,282,실습/연습,전개
2555,282,실습/연습,정리
2562,284,실습/연습,독서
2563,284,실습/연습,감상문 작성
2575,287,실습/연습,"워밍업-러닝,스트레칭"
2576,287,실습/연습,공을 잡을때 기본자세
2577,287,실습/연습,수비시 기본자세와 스텝
2578,287,실습/연습,이동하며 공잡고 기본자세와 수비자세
2581,287,실습/연습,"점프슛, 레이업슛"
2583,287,실습/연습,드리블 술래잡기
2584,287,실습/연습,다섯손가락 드리블
2585,287,실습/연습,한손 드리블 슛
2586,287,실습/연습,양손 드리블 슛
2587,289,실습/연습,"워밍업-러닝, 스트레칭1"
2588,289,실습/연습,공을 잡을때 기본자세1
2589,289,실습/연습,수비시 기본자세와 스텝1
2590,289,실습/연습,이동하며 공잡고 기본자세와 수비자세1
2593,289,실습/연습,"점프슛, 레이업슛1"
2595,289,실습/연습,드리블 술래잡기1
2598,289,실습/연습,양손 드리블 슛1
2599,288,실습/연습,베이스 러닝
2600,288,실습/연습,패스방법과 익히기
2601,288,실습/연습,2인패스 익히기
2602,288,실습/연습,공 2개로 패스하며 정확성과 타이밍 습득
2603,288,실습/연습,레이업슛
2604,288,실습/연습,점프슛
2605,288,실습/연습,골밑 슛
2606,288,실습/연습,1:1슛
2607,288,실습/연습,1:1 공격 수비
2608,288,실습/연습,2:2 공격 수비
2609,288,실습/연습,5:5 실전 경기
2611,290,실습/연습,2인 패스 익히기1
2612,290,실습/연습,공 2개로 패스하며 정확성과 타이밍 습득1
2613,290,실습/연습,레이업슛1
2614,290,실습/연습,점프슛1
2615,290,실습/연습,골밑 슛1
2616,290,실습/연습,미들슛
2617,290,실습/연습,무빙슛
2618,290,실습/연습,1:1슛1
2625,291,실습/연습,워밍업2
2626,291,실습/연습,공잡기 기본 스텝2
2628,294,실습/연습,체스 전략 사용하기
2630,294,실습/연습,사후 활동
2631,291,실습/연습,수비기본 스텝2
2632,291,실습/연습,지역방어
2633,291,실습/연습,맨투맨 방어
2634,291,실습/연습,하프코트 레이업 슛
2635,291,실습/연습,올코트 드리블 레이업 슛
2636,291,실습/연습,2인 속공패스
2637,291,실습/연습,3인 속공패스
2638,291,실습/연습,4인 속공패스
2639,291,실습/연습,2:2경기
2640,291,실습/연습,5:5경기
2641,292,실습/연습,워밍업2
2642,292,실습/연습,공잡기 기본 스텝2
2643,292,실습/연습,수비기본 스텝2
2644,292,실습/연습,지역방어
2647,292,실습/연습,올코트 드리블 레이업 슛
2648,292,실습/연습,2인 속공패스
2649,292,실습/연습,3인 속공패스
2650,292,실습/연습,4인 속공패스
2652,292,실습/연습,5:5 실전 경기2
2681,298,실습/연습,독서하기
2685,298,실습/연습,보드게임 진행 활동하기
2687,297,실습/연습,책 고르기
2688,297,실습/연습,독서 활동
2717,304,실습/연습,메모리 게임
2730,306,실습/연습,줄기와 잎 그림 그려보기
2760,313,실습/연습,창업 과제 수행1
2763,313,실습/연습,창업 과제 수행2
2781,318,실습/연습,자기 소개하기
2785,318,실습/연습,피드백 내용 정리하기
2786,116,실습/연습,정리
2787,94,실습/연습,인사 나누기
2797,55,실습/연습,기관 모니터링 보고 및 정리
2807,61,실습/연습,1교시 준비
2808,61,실습/연습,1교시 도입
2809,61,실습/연습,1교시 전개
2810,61,실습/연습,1교시 마무리
2811,61,실습/연습,2교시 준비
2812,61,실습/연습,2교시 도입
2813,61,실습/연습,2교시 전개
2814,61,실습/연습,2교시 마무리
2815,61,실습/연습,3교시 준비
2816,61,실습/연습,3교시 도입
2817,61,실습/연습,3교시 전개
2818,61,실습/연습,3교시 마무리
2819,61,실습/연습,인사나누기
2820,61,실습/연습,팀이름 짓기
2821,61,실습/연습,미니책 만들기
2822,61,실습/연습,단풍씨앗 만들기
2824,61,실습/연습,줄을 이용한 게임하기
2826,61,실습/연습,열매와 씨앗을 이용한 게임하기
2827,61,실습/연습,시상 및 수업 마무리
2829,300,실습/연습,강의와 활동
2832,258,실습/연습,창업 과제 수행하기2
2835,258,실습/연습,창업 과제 수행하기3
2840,315,실습/연습,<아홉 켤레의 구두로 남은 사내> 감상
2843,315,실습/연습,<아홉 켤레의 구두로 남은 사내> 줄거리 요약하기
2886,175,실습/연습,종이에 클레이로 음이름 붙이기
2888,175,실습/연습,메이키 메이키 영상 시청하기
2889,175,실습/연습,메이키 메이키 피아노 만들기
2890,175,실습/연습,피아노 만들어 소리 내어 보기
2891,157,실습/연습,몸풀기 스트레칭
2892,157,실습/연습,달리기
2893,157,실습/연습,좌우 다리동작 연습하며 셔틀콕 왕복 집기
2894,157,실습/연습,앞뒤 다리 동작 연습하며 셔틀콕 네트 올려두기
2895,157,실습/연습,단체 백핸드 자세 연습
2896,157,실습/연습,1대1 백핸드 자세 강습
2897,157,실습/연습,백핸드 원리 설명
2898,157,실습/연습,자유 랠리 연습
2899,157,실습/연습,1대1 레프트 백핸드 타법 강습
2900,157,실습/연습,서브연습
2901,157,실습/연습,2대2 단체 랠리
2902,157,실습/연습,뒷정리 및 마무리
2912,321,실습/연습,자기소개
2913,321,실습/연습,자기이해
2914,321,실습/연습,감정인식
2915,321,실습/연습,스트레스 해소
2916,321,실습/연습,정서안정
2917,321,실습/연습,긍정적 자기상
2918,322,실습/연습,자기소개
2919,322,실습/연습,자기인식
2920,322,실습/연습,감정인식
2921,322,실습/연습,긍정점 찾기
2927,323,실습/연습,AI 로봇 학습시키기
2930,328,실습/연습,게임 진행 활동 및 태도
2931,322,실습/연습,자기이해
2934,322,실습/연습,성격이해
2947,320,실습/연습,3D펜 작동법 익히기
2948,320,실습/연습,2D 작품 만들기
2949,320,실습/연습,3D 작품 만들기
2950,320,실습/연습,정리하고 작품 감상하기
2951,330,실습/연습,"""고양이 춤"" 합주곡에서 각자의 파트를 맡아서 함께 연주하기"
2964,325,실습/연습,준비
2965,325,실습/연습,도입
2966,325,실습/연습,전개
2967,325,실습/연습,정리
2968,247,실습/연습,직업 이해 및 실습5
2969,247,실습/연습,직업 이해 및 실습6
2970,247,실습/연습,직업 이해 및 실습7
2971,247,실습/연습,직업 이해 및 실습8
2972,327,실습/연습,1교시 준비
2973,327,실습/연습,1교시 도입
2974,327,실습/연습,1교시 전개
2975,327,실습/연습,1교시 정리
2982,157,실습/연습,준비운동하기
2983,157,실습/연습,셔틀콕 잡고 포물선으로 던지기
2984,157,실습/연습,라켓으로 셔틀콕 반복해 쳐올리기
2985,157,실습/연습,기록 체크하기
2986,157,실습/연습,언더핸드 스윙방법 배우기
2987,157,실습/연습,언더핸드 스윙 1:1 개인지도
2988,157,실습/연습,2:2로 게임하기
2990,320,실습/연습,수업 준비하기
2991,320,실습/연습,이전 3D작품 마무리하기
2993,320,실습/연습,LED 무당벌레 만들기
2994,320,실습/연습,마무리 작업 및 자리정돈
3021,340,실습/연습,관계형성
3041,341,실습/연습,자기소개하기
3042,341,실습/연습,감정인식하기
3043,341,실습/연습,장점 찾기
3044,341,실습/연습,관점변화하기
3045,341,실습/연습,자신의 신체 소중히 하기
3046,341,실습/연습,꿈찾기
3047,342,실습/연습,광고판 꾸미기
3048,342,실습/연습,감정 찾기
3049,342,실습/연습,타인의 감정맞추기
3050,342,실습/연습,내 생각인식하기
3051,342,실습/연습,나를 발견하기
3052,342,실습/연습,서로 다른 우리 인식하기
3053,343,실습/연습,우리 함께해요
3054,343,실습/연습,관계 맺기
3055,343,실습/연습,나의 삶의 의미 찾기
3056,343,실습/연습,사회 속의 나 찾기
3057,343,실습/연습,우리의 소망
3060,317,실습/연습,스케치하기
3061,317,실습/연습,채색하기
3070,252,실습/연습,겨울 주제에 맞는 시쓰기
3072,345,실습/연습,1교시 준비
3073,345,실습/연습,1교시 도입
3074,345,실습/연습,1교시 전개
3075,345,실습/연습,1교시 정리
3101,350,실습/연습,자기이해
3102,350,실습/연습,자기탐색
3103,350,실습/연습,자기인식
3104,350,실습/연습,자기존중
3105,350,실습/연습,장점인식
3106,350,실습/연습,감정인식
3107,350,실습/연습,긍정감정 표현하기
3108,350,실습/연습,타인감정수용
3109,350,실습/연습,타인감정이해
3110,350,실습/연습,타인감정공감
3111,350,실습/연습,타인배려
3112,350,실습/연습,타인협동
3113,350,실습/연습,타인존중
3114,350,실습/연습,관계인성
3115,350,실습/연습,타인응원
3116,350,실습/연습,긍정적 관계형성
3123,320,실습/연습,수업 준비하기(11/11)
3124,320,실습/연습,이전 3D작품 마무리하기(11/11)
3125,320,실습/연습,전기회로 부품 탐구 및 태양광 풍차 만들기
3126,320,실습/연습,태양광 풍차 만들기 - 모터 연결하기
3127,320,실습/연습,마무리 작업
3128,218,실습/연습,2교시 도입
3129,218,실습/연습,2교시 전개
3130,218,실습/연습,2교시 정리
3131,218,실습/연습,3교시 준비
3132,218,실습/연습,3교시 도입
3133,218,실습/연습,3교시 전개
3134,218,실습/연습,3교시 정리
3161,71,실습/연습,2교시 전개
3162,71,실습/연습,2교시 정리
3251,374,실습/연습,팽이만들기 수행하기
3252,374,실습/연습,팽이돌려보며 친구들과 시합하기
3254,373,실습/연습,사전활동
3256,373,실습/연습,활동 수행 및 태도
3259,373,실습/연습,활동 수행 및 태도(연산숫자 색칠하기)
3261,373,실습/연습,만다라 색칠 수행하기
3264,373,실습/연습,활동 수행 및 태도(마스크보관함)
3267,373,실습/연습,작은책 만들기 수행하기
3272,373,실습/연습,암호풀이 활동하기
3282,375,실습/연습,똑같이 그리기 활동 수행 및 태도
3283,375,실습/연습,시청각을 이용한 동화 감상하기
3295,375,실습/연습,가을나무 종이접기 활동 수행하기
3304,375,실습/연습,신발만들기 활동 수행 및 태도
3306,375,실습/연습,가로세로 퍼즐 맞추기 활동 수행 및 태도
3339,100,실습/연습,인사 및 마무리하기
3340,378,실습/연습,준비
3341,378,실습/연습,도입
3342,378,실습/연습,전개
3343,378,실습/연습,정리
3344,380,실습/연습,준비
3345,380,실습/연습,도입
3346,380,실습/연습,전개
3347,380,실습/연습,정리
3348,379,실습/연습,준비
3349,379,실습/연습,도입
3350,379,실습/연습,전개
3351,379,실습/연습,정리
3352,78,실습/연습,준비
3353,78,실습/연습,도입
3354,78,실습/연습,전개
3355,78,실습/연습,정리
3356,78,실습/연습,컵케이크 만들기 준비하기
3357,78,실습/연습,짤주머니를 사용하여 컵케이크 크림장식하기
3358,78,실습/연습,컵케이크 위에 장식얹어 완성하기
3359,78,실습/연습,컵케이크 포장상자 접기
3360,78,실습/연습,컵케이크 완성 후 정리
3364,87,실습/연습,큰 나뭇잎 주워서 왕관 만들기
3365,87,실습/연습,나뭇잎으로 돛단배 만들기
3366,87,실습/연습,정자에 앉아 가을에게 편지쓰기
3367,87,실습/연습,도토리 굴리기
3368,382,실습/연습,준비
3369,382,실습/연습,도입
3370,382,실습/연습,전개
3371,382,실습/연습,정리
3372,381,실습/연습,준비
3373,381,실습/연습,도입
3374,381,실습/연습,전개
3375,381,실습/연습,정리
3376,320,실습/연습,수업 준비하기(11/13)
3377,320,실습/연습,구상 및 설계하기
3378,320,실습/연습,디자인하기
3379,320,실습/연습,3D펜으로 만들기
3380,320,실습/연습,작품 전시 및 마무리
3381,177,실습/연습,인사 및 준비물 준비
3383,177,실습/연습,센서 설계도면 포트폴리오 작성
3384,177,실습/연습,센서가 들어갈 본체 만들기
3385,177,실습/연습,직접 코딩해보기
3392,119,실습/연습,준비하기
3393,119,실습/연습,명찰달기
3394,119,실습/연습,게임 진행하기
3395,119,실습/연습,규칙 전달하기
3396,119,실습/연습,부스 홍보하기
3397,119,실습/연습,부스 운영하기
3398,119,실습/연습,부스를 원활히 운영하기
3400,119,실습/연습,운영 중 생기는 문제 해결하기
3401,119,실습/연습,참여자와 관계 형성하기
3404,160,실습/연습,실전에서 사용할 수 있도록 기술을 완성하기2
3405,160,실습/연습,1:1 대련하기(스파링)
3407,95,실습/연습,촬영 준비하기
3408,95,실습/연습,촬영하기1
3409,95,실습/연습,촬영하기2
3410,95,실습/연습,촬영 마무리하기
3437,395,실습/연습,사물을 이용한 캐릭터 자료 보고 따라 그리기
3443,61,실습/연습,수업 준비
3446,61,실습/연습,단풍잎 만들기
3447,61,실습/연습,게임하기
3448,61,실습/연습,손수건 만들기1
3449,61,실습/연습,액자 만들기1
3450,61,실습/연습,영상 시청하기(11/13)
3451,61,실습/연습,수업 준비 및 영상시청
3453,61,실습/연습,액자 만들기2
3454,61,실습/연습,손수건 만들기2
3458,396,실습/연습,지난 시간 곡 복습하기
3459,396,실습/연습,가온음치
3460,396,실습/연습,코드전환 연습
3473,175,실습/연습,스크래치 접속하기
3474,175,실습/연습,자유 작품 또는 예시 작품 만들기
3475,175,실습/연습,코딩의 다양한 키 사용하기
3476,175,실습/연습,작품에 어울리는 효과음 넣기
3477,175,실습/연습,작품 업로드 및 감상하기
3490,406,실습/연습,교구만들기
3491,406,실습/연습,교구미션비행
3494,38,실습/연습,겨울 공원 구성하기
3498,399,실습/연습,흑점을 관찰하기
3503,400,실습/연습,센서 연결하기
3505,400,실습/연습,근접센서 연결하기
3528,419,실습/연습,과자의 집 지붕 만들기
3530,419,실습/연습,과자의 집 지붕 꾸미기
3531,419,실습/연습,식용 색소를 이용하여 지붕 꾸미기
3532,419,실습/연습,과자의 집 마무리하기
3533,419,실습/연습,컵케익 장식하기
3534,419,실습/연습,컵케익 포장하기
3535,320,실습/연습,수업 준비하기(11/17)
3538,320,실습/연습,조별활동
3539,320,실습/연습,마무리 및 활동지 작성
3542,177,실습/연습,오브젝트를 활용하기
3543,177,실습/연습,오브젝트에 코드를 적용하기
3546,416,실습/연습,메이키메이키 키트 이용해서 게임패드 만들기
3548,416,실습/연습,선생님의 작품으로 미리 체험하기 및 필요한 재료 준비하기
3549,416,실습/연습,클레이를 이용해  프로그램 작동시키기
3552,417,실습/연습,AUTO DRAW 체험하기
3553,417,실습/연습,QUICK DRAW 체험하기
3554,417,실습/연습,AI FOR OCEANS 체험하기
3556,320,실습/연습,수업 준비하기(11/18)
3558,320,실습/연습,엠블록 실행하기
3559,320,실습/연습,엠봇 연결하기
3560,320,실습/연습,마무리 및 활동지 작성(11/18)
3561,418,실습/연습,로켓 관련 동영상 보기
3562,418,실습/연습,발사대 만들기
3563,418,실습/연습,발사대 이어붙이기
3564,418,실습/연습,로켓 날개 접어 이어붙이기
3565,418,실습/연습,로켓 완성하기
3566,418,실습/연습,로켓날리기
3569,177,실습/연습,게임 배경 만들기
3570,177,실습/연습,퀴즈 이벤트 코딩하기
3571,177,실습/연습,단서 제공 이벤트 코딩하기
3572,177,실습/연습,단서 찾기 이벤트 코딩하기
3573,177,실습/연습,실행하기
3574,345,실습/연습,2교시 준비
3575,345,실습/연습,2교시 도입
3576,345,실습/연습,2교시 전개
3577,345,실습/연습,2교시 정리
3582,50,실습/연습,책읽기(Kipper's birthday)
3584,50,실습/연습,독후활동(아이클레이케이크 만들기)
3585,50,실습/연습,완성하고 정리하기
3586,40,실습/연습,장식품 구상 및 붙이기
3587,40,실습/연습,와이어 연결하고 LED달기
3588,40,실습/연습,이젤 완성하기
3590,420,실습/연습,'무궁화 꽃이 피었습니다' 연습게임
3591,420,실습/연습,'무궁화 꽃이 피었습니다' 게임 진행
3592,420,실습/연습,조별 모임 및 진행 순서 확인하기
3594,420,실습/연습,구슬치기 게임 진행
3596,420,실습/연습,사방치기 게임 진행
3598,420,실습/연습,딱지치기 게임 진행
3600,420,실습/연습,공기놀이 게임 진행
3601,420,실습/연습,달고나 모양 뽑기
3605,49,실습/연습,어플을 활용해 사진 콜라주 만들기
3606,49,실습/연습,어플을 활용해 글씨 삽입하기
3607,49,실습/연습,어플을 활용해 그림 및 스티커 효과 넣어 썸네일 꾸며보기
3608,49,실습/연습,자기가 만든 썸네일에 적절한 영상 내용 구상해보기
3613,52,실습/연습,준비하기(11/20)
3614,52,실습/연습,커피 제조 및 시음 해보기
3615,52,실습/연습,카페 운영 1
3616,52,실습/연습,카페 운영 2
3617,52,실습/연습,카페 운영 3
3618,52,실습/연습,카페 운영 4
3624,87,실습/연습,거미줄 만들기
3625,87,실습/연습,컵 뚜껑에 거미 연결하기
3626,87,실습/연습,컵 뚜껑에 거미 받기 놀기 및 정리
3627,87,실습/연습,밧줄 매듭짓기
3628,87,실습/연습,밧줄 놀이
3629,87,실습/연습,짝짓기 놀이 및 정리
3630,76,실습/연습,소중한 사람에게 줄 카드 꾸미기
3631,76,실습/연습,쿠키 아이싱 꾸미는 방법 설명
3632,76,실습/연습,아이싱 색 혼합하기
3633,76,실습/연습,쿠키꾸미기
3636,420,실습/연습,뉴트로문화놀이 자율부스 게임체험
3637,420,실습/연습,정리 및 마무리
3639,159,실습/연습,실습 시작
3640,159,실습/연습,실습 전개 및 수정 작업
3641,159,실습/연습,완성품 마무리 및 사진촬영
3643,159,실습/연습,페인스페인팅 실습 시작
3644,159,실습/연습,페이스페인팅 수정 작업
3645,159,실습/연습,마무리 및 사진촬영
3647,186,실습/연습,초성 활용 마음가짐 키워드
3649,175,실습/연습,마우스포인터로 이동하기
3650,175,실습/연습,도장찍기 기능알고 비교하기
3651,175,실습/연습,"반복,복제 기능 익히기"
3652,175,실습/연습,스스로 완성해보고 응용작품 만들기
3653,175,실습/연습,공유한 작품 감상하기
3654,175,실습/연습,준비 및 인사
3658,186,실습/연습,내 마음과 만나는 꿈 질문 작성 및 공유
3659,132,실습/연습,재료 준비하기
3660,132,실습/연습,조리하기 1
3661,132,실습/연습,조리하기 2
3662,132,실습/연습,플레이팅 및 시식하기
3664,400,실습/연습,작업환경준비하기(아두이노 설치)
3666,400,실습/연습,Blynk 설치하기1
3667,400,실습/연습,Blynk 설치하기2
3668,400,실습/연습,Device 연결하기
3669,400,실습/연습,LED 제어하기
3670,320,실습/연습,수업 준비하기(11/24)
3671,320,실습/연습,자율주행 설명 듣기 및 활동지 작성
3672,320,실습/연습,초음파 거리센서로 거리 측정하기
3673,320,실습/연습,장애물 만나면 빨간색 LED 켜기
3674,320,실습/연습,자율주행 로봇 만들기
3675,320,실습/연습,활동지 작성 마무리 및 엠봇 축구경기
3680,186,실습/연습,청바지스타그램 작성 및 인증사진 올리기
3681,186,실습/연습,프로젝트 마무리
3682,177,실습/연습,수업준비하기(11/24)
3683,177,실습/연습,방 탈출하기
3684,177,실습/연습,옥상으로 올라 가는 점프 맵 만들기
3685,177,실습/연습,장면 전환 및 섬 탈출하기
3692,425,실습/연습,우리 함께해요
3693,425,실습/연습,관계 맺기
3694,425,실습/연습,나의 삶의 의미 찾기
3695,425,실습/연습,사회 속의 나 찾기
3696,425,실습/연습,우리의 소망
3702,426,실습/연습,서로 다른 우리 인식하기
3703,46,실습/연습,준비하기
3704,46,실습/연습,"노래, 대사 따라하기"
3705,46,실습/연습,리허설
3708,46,실습/연습,스트레칭으로 몸풀기
3709,46,실습/연습,영상 보고 노래 들어보기
3710,46,실습/연습,대본연습 및 포즈 취하며 노래
3711,46,실습/연습,리허설 하기
3713,320,실습/연습,수업 준비하기(11/25)
3716,320,실습/연습,버튼 조건 코딩하기
3717,320,실습/연습,챌린지 하기
3718,177,실습/연습,수업 준비하기(11/26)
3721,177,실습/연습,개별 프로젝트 만들기
3723,427,실습/연습,우리 지역 체험학습 활동 보고서 쓰기
3724,427,실습/연습,비주얼 씽킹으로 자원의 특성과 활용 정리하기
3725,428,실습/연습,상태변화 써클맵으로 나타내기
3732,430,실습/연습,준비
3733,430,실습/연습,도입
3734,430,실습/연습,전개
3735,430,실습/연습,정리
3737,431,실습/연습,악곡의 특징을 이해하며 개성있게 노래 부르거나 악기로 연주한다
3739,432,실습/연습,"자료를 줄기잎그림, 도수분포표 등으로 정리한 후 시각화함(인포그래픽)"
3740,432,실습/연습,자료를 해석한 후 통계포스터 만들기
3743,434,실습/연습,청소년의 비합리적인 소비행동관련 책표지만들기
3744,434,실습/연습,소비자 문제의 종류 중 1개를 선택하여 이에 대한 내용증명서 작성해보기
3745,434,실습/연습,광고분석하기
3746,435,실습/연습,자신의 가치 있는 경험을 개성적인 발상과 표현으로 형상화 한다.
3747,435,실습/연습,"생각이나 느낌, 경험을 드러내는 다양한 표현을 활용하여 글을 쓴다."
3750,436,실습/연습,과학 원리를 활용한 간단한 창의적 설계 해보기
3751,436,실습/연습,미래 유망 기술 자료집을 만들어보기
3755,77,실습/연습,카페운영 준비하기
3756,77,실습/연습,카페 운영 시작
3757,77,실습/연습,커피 내리는 방법 배우기
3758,77,실습/연습,"머신기, 스팀기 다루기"
3759,77,실습/연습,손님 응대하기
3763,2,실습/연습,3분할 촬영하기
3764,2,실습/연습,대칭 촬영하기
3765,2,실습/연습,입체감 주어 촬영하기
3766,2,실습/연습,이어지는 길 촬영하기
3767,2,실습/연습,대각선 촬영하기
3768,2,실습/연습,비슷한 형태 반복 촬영하기
3769,2,실습/연습,인물 촬영하기
3770,2,실습/연습,불필요 영상 편집하기
3771,2,실습/연습,빈영상 넣어 편집하기
3772,2,실습/연습,"화이트, 블랙 페이드 넣어 편집하기"
3773,2,실습/연습,효과음 넣어 편집하기
3774,2,실습/연습,마무리 영상 찍어 편집하기
3775,2,실습/연습,배경음악 넣어 편집하기
3776,2,실습/연습,편집 영상 확인해보기
3777,2,실습/연습,자막 넣어 편집하기
3778,2,실습/연습,편집영상 PC화면에서 확인하기
3779,2,실습/연습,관련 동영상 보기
3782,53,실습/연습,게임하기
3783,53,실습/연습,카드쓰기
3787,159,실습/연습,향수시향 해보기
3788,159,실습/연습,향수만들어보기
3789,177,실습/연습,노트북 세팅하고 수업 준비하기
3790,177,실습/연습,개인 과제 완성하기
3794,177,실습/연습,공유된 게임 해보기
3795,320,실습/연습,엠봇맵 수업준비하기
3797,320,실습/연습,엠봇맵 만들기
3798,320,실습/연습,친구들과 조별 엠봇맵 시연
3801,161,실습/연습,향수 시향하기
3802,161,실습/연습,향수 만들기
3803,161,실습/연습,정리 및 마무리
3806,160,실습/연습,향수 시향하기
3807,160,실습/연습,향수 만들기 체험하기
3808,160,실습/연습,향수 시향 및 정리하기
3810,87,실습/연습,프레그북 속지에 들어갈 곤충과 꽃 채색하기
3811,87,실습/연습,채색된 곤충과 꽃 속지에 붙이기
3812,87,실습/연습,책 내용 꾸미기
3813,87,실습/연습,겉표지 만들기
3814,87,실습/연습,뒤표지 만들기 및 정리하기
3823,35,실습/연습,망사리 매듭 만들기
3824,35,실습/연습,망사리 뒤집기
3825,35,실습/연습,태왁걸기
3827,35,실습/연습,오르골 만들기
3842,74,실습/연습,인공지능 학습 체험하기(시뮬레이터2)
3843,117,실습/연습,게 넘는 개 만들기
3845,117,실습/연습,Entry 들어가기
3846,421,실습/연습,1교시 도입
3847,421,실습/연습,1교시 전개
3848,421,실습/연습,1교시 정리
3849,421,실습/연습,2교시 도입
3850,421,실습/연습,2교시 전개
3851,188,실습/연습,도입1
3852,188,실습/연습,전개1
3853,188,실습/연습,정리1
3854,188,실습/연습,도입2
3855,188,실습/연습,전개2
3856,188,실습/연습,정리2
3857,421,실습/연습,2교시 정리
3858,421,실습/연습,3교시 도입
3859,421,실습/연습,3교시 전개
3860,421,실습/연습,3교시 정리
3861,422,실습/연습,1교시 도입
3862,422,실습/연습,1교시 전개
3863,422,실습/연습,1교시 정리
3864,422,실습/연습,2교시 도입
3865,422,실습/연습,2교시 전개
3866,422,실습/연습,2교시 정리
3867,422,실습/연습,3교시 도입
3868,422,실습/연습,3교시 전개
3869,422,실습/연습,3교시 정리
3870,423,실습/연습,1교시 도입
3871,423,실습/연습,1교시 전개
3872,423,실습/연습,1교시 정리
3873,423,실습/연습,2교시 도입
3874,423,실습/연습,2교시 전개
3875,423,실습/연습,2교시 정리
3876,423,실습/연습,3교시 도입
3877,423,실습/연습,3교시 전개
3878,423,실습/연습,3교시 정리
3879,248,실습/연습,3교시 정리
3880,175,실습/연습,게임 만드는 방법 배우기
3881,175,실습/연습,코딩 만들기
3882,175,실습/연습,선생님께 아이디어 확인받기
3885,175,실습/연습,정리 및 마무리
3886,325,실습/연습,준비2
3887,325,실습/연습,도입2
3889,117,실습/연습,어항만들기
3890,117,실습/연습,도장으로 작품만들기(12/2)
3891,251,실습/연습,팽이와 팽이 슈터 만들기
3892,251,실습/연습,친구들과 게임 하기
3893,251,실습/연습,응원도구 만들기
3894,251,실습/연습,자동차 와이퍼 만들기
3905,442,실습/연습,인간의 성장을 다룬 문학작품을 읽고 자신의 삶과 관련지어 감상문 쓰기
3906,442,실습/연습,타당성을 판단하며 듣고 근거를 들어가며 자신의 주장 말하기
3907,378,실습/연습,새싹에 대해 상상해보기
3908,378,실습/연습,나만의 새싹 상상해보고 색칠하기
3909,378,실습/연습,색칠한 새싹 이름 지어주기
3910,378,실습/연습,"색칠한 새싹 옆에 그 새싹이 좋아하는 거, 필요한 거 그리기"
3911,378,실습/연습,비밀 쪽지 만들고 보관할 통 꾸미기
3912,378,실습/연습,숫자 빙고하기
3913,379,실습/연습,오늘의 요리 이해하기
3914,379,실습/연습,피망 손질하기
3915,379,실습/연습,당근 손질하기
3916,379,실습/연습,닭고기 손질하기
3917,379,실습/연습,재료 믹싱하여 오븐그릇에 담기
3918,379,실습/연습,레시피 작성하기
3919,379,실습/연습,정리하기
3920,439,실습/연습,몸풀기 운동
3921,439,실습/연습,눈빛 싸움
3922,439,실습/연습,색종이 색깔로 OX퀴즈 풀기
3923,443,실습/연습,자신의 진로장벽  요인을 파악하고 해결 방안 모색하기
3924,439,실습/연습,문제풀기
3925,443,실습/연습,꿈을 향한 인생 계획서 만들고 발표하기
3926,439,실습/연습,그린 그림 맞추기
3927,439,실습/연습,노래 듣고 제목 맞추기
3928,439,실습/연습,양말 벗어 멀리 차기
3929,439,실습/연습,단어 맞추기
3930,439,실습/연습,글자수 맞춰 단어 말하기
3931,439,실습/연습,풍선 게임 및 마무리 하기
3944,156,실습/연습,인성 및 소통과 배려
3945,156,실습/연습,몸으로 말해요2
3946,156,실습/연습,친구 뒷모습 그리기
3947,156,실습/연습,뒷모습 그림 보고 응원하기
3948,382,실습/연습,난타 기본 박자 배우기
3949,382,실습/연습,박자 연습해보기
3950,382,실습/연습,음악에 맞춰서 연주해보기
3951,382,실습/연습,빠른 박자의 음악에 난타 북 쳐보기
3952,87,실습/연습,염색 시범 보고 수행하기
3953,87,실습/연습,선생님 설명 들으며 빈칸 채우기
3954,87,실습/연습,염색하기
3955,87,실습/연습,염색 후 천 걸어놓고 손 씻고 오기
3957,87,실습/연습,스트레칭 후 나뭇가지 던지기 놀이 배우기
3958,87,실습/연습,나뭇가지 던지기 놀이하기
3959,87,실습/연습,나뭇가지로 글씨 쓰고 칸 만들기
3960,87,실습/연습,수건돌리기 놀이하기
3961,87,실습/연습,종이비행기 만들고 그 위에 편지나 그림그리기
3962,444,실습/연습,과학적 탐구능력으로 문제해결하기
3963,444,실습/연습,이론과학을 실험과학으로 접근하기
3964,445,실습/연습,마이크로 비트를 활용하여 친구들과 함께 즐길수 있는 프로그램 작성하기
3965,445,실습/연습,문제를 분석하여 순서도 작성하기
3970,446,실습/연습,항공이론 설명 및 교구만들기
3971,446,실습/연습,미션비행하기
3972,175,실습/연습,자리에 앉아 스크래치 접속해 수업 들을 준비하기
3973,175,실습/연습,스크래치 활동 계획지 작성하기
3975,175,실습/연습,스크래치 활용해 만들고 싶은 것 만들기
3978,447,실습/연습,인공지능 체험하기(퀵 드로우)
3979,447,실습/연습,인공지능 체험하기(구글 두들)
3980,447,실습/연습,인공지능 체험하기(그림)
3983,250,실습/연습,스포츠 카 만들기
3984,250,실습/연습,자동차 발사장치 만들기
3985,250,실습/연습,만화경 만들기
3986,250,실습/연습,이야기만들기
3987,448,실습/연습,직업멘토링
3990,448,실습/연습,정리하기
3991,145,실습/연습,3교시 전개
3992,145,실습/연습,3교시 정리
3993,104,실습/연습,2교시 정리
3994,117,실습/연습,코딩으로 오솔길 따라 장면1 만들기(1교시)
3995,117,실습/연습,코딩으로 오솔길 따라 장면2 만들기(1교시)
3996,117,실습/연습,코딩으로 눈이 내려요 만들기(1교시)
3997,117,실습/연습,코딩으로 오솔길 따라 장면1 만들기(2교시)
3998,117,실습/연습,코딩으로 오솔길 따라 장면2 만들기(2교시)
3999,117,실습/연습,코딩으로 눈이 내려요 만들기(2교시)
4000,449,실습/연습,거미로봇만들기
4001,449,실습/연습,움직이는 용 만들기
4002,449,실습/연습,구슬미로 만들기
4003,450,실습/연습,배드민턴 익히기
4004,450,실습/연습,스텝박스 프로그램 익하기
4005,117,실습/연습,하트만들기(1교시)
4006,117,실습/연습,object와 배경만들기(1교시)
4007,117,실습/연습,장면1(1교시)
4008,117,실습/연습,장면2(1교시)
4009,117,실습/연습,object와 배경만들기(2교시)
4010,117,실습/연습,장면 1(2교시)
4011,117,실습/연습,장면 2(2교시)
4012,117,실습/연습,하트만들기(2교시)
4018,156,실습/연습,자기소개하기
4021,156,실습/연습,역할 나누어 미술 작업하기
4023,40,실습/연습,코르크에 배양토 넣기
4024,40,실습/연습,코르크에 다육이 심기
4025,40,실습/연습,코르크 꾸밀 모형 만들기
4026,40,실습/연습,코르크에 만든 모형 붙여 꾸미기
4027,40,실습/연습,눈사람 만들어 꾸미기
4049,102,실습/연습,뉴스영상 제작 역할 연습해보기
4050,102,실습/연습,위치 잡아보기
4051,102,실습/연습,역할에 맞는 뉴스영상 만들기1
4052,102,실습/연습,역할에 맞는 뉴스영상 만들기2
4053,102,실습/연습,역할에 맞는 뉴스영상 만들기3
4054,102,실습/연습,역할에 맞는 뉴스영상 만들기4
4056,102,실습/연습,수업 마무리
4060,87,실습/연습,팝업북 형태 만들기
4061,87,실습/연습,내용 구성하기
4062,87,실습/연습,속지 그림 그리기 및 색칠하기
4063,87,실습/연습,색칠 된 속지 풀칠하기
4064,87,실습/연습,책 내용 꾸미기(12/11)
4065,87,실습/연습,표지 붙이기
4066,87,실습/연습,제본하기
4067,3,실습/연습,기념품 나눠주기
4073,102,실습/연습,카메라 조작방법을 알아보고 직접 다뤄보기
4074,102,실습/연습,아나운서와 기자 역할이 되어 직접 뉴스 진행하기
4075,102,실습/연습,스태프가 되어 영상과 음향 조정해보기
4077,175,실습/연습,화분에 그림그리기
4078,175,실습/연습,깃발에 이름 적어 꾸미기
4079,175,실습/연습,알맞은 흙을 넣어 화분 채우기
4080,175,실습/연습,화분에 씨앗 심기
4085,454,실습/연습,강사소개 및 수련활동인증에 관한 동영상 시청하기
4086,454,실습/연습,색깔로 나를 표현하기(자기소개하기)
4089,454,실습/연습,게임놀이
